﻿room_id,room_type,desc,level
1,Casualty,an emergency room in a hospital,P1
2,Consulting,a room where a doctor examines a patient and discusses their medical problems with them,P3
3,Day,"a room in a hospital where patients can go during the day to watch television, read, or talk",P4
4,Delivery,a room in a hospital where women give birth,P2
5,Emergency,"the part of a hospital where you take someone who needs immediate care, for example someone who",P1
6,ER,an emergency room in a hospital,P1
7,Operating, a room in a hospital where doctors perform medical operations,P2
8,Ward,a large room in a hospital with beds for people to stay in,P3
