bed_detail_id,fac_id,facility_name,facility_type,bed_capacity_type,bed_capacity
1,10000001,Englewood MHC,Mental Health Clinic,SKILLED NURSING,99
2,10000003,Greater Grand/MID-South MHC ,Mental Health Clinic,SPECIAL TREATMENT PROGRAM,58
3,10000003,Greater Lawn MHC,Mental Health Clinic,SKILLED NURSING,123
4,10000004,Lawndale MHC  ,Mental Health Clinic,SKILLED NURSING,99
5,10000005,North River MHC,Mental Health Clinic,SKILLED NURSING,79
6,10000020,Englewood STI Specialty Clinic,STI Specialty Clinic,SKILLED NURSING,50
7,10000022,Lakeview STI Specialty Clinic,STI Specialty Clinic,SKILLED NURSING,34
8,10000024,Roseland  STI Specialty Clinic,STI Specialty Clinic,SKILLED NURSING,87
9,10000026,Austin STI Specialty Clinic,STI Specialty Clinic,INTERMEDIATE CARE/DD HABILITATIVE,95
10,10000028,Austin Clinic,Skilled nursing facility,SKILLED NURSING,98
11,10000029,Erie Health Center ,WIC Clinic,INTERMEDIATE CARE/DD NURSING,38
12,10000033,Greater Lawn Health Center,WIC Clinic,CONGREGATE LIVING HEALTH FACILITY,99
13,10000034,"Asian Human Services Family Health Center, Inc.",Intermediate care facility,INTERMEDIATE CARE/DD NURSING,83
14,10000037,Westside Health Partnership,WIC Clinic,SKILLED NURSING,72
15,10000043,WIC Main Office,WIC Clinic,INTERMEDIATE CARE/DD HABILITATIVE,116
16,10000047,Chicago Family Health Center,WIC Clinic,SKILLED NURSING,70
17,10000051,Friend Family Health Center Inc.,WIC Clinic,SKILLED NURSING,60
18,10000052,Englewood NHC,Intermediate care facility,SKILLED NURSING,90
19,10000059,Henry Booth House,WIC Clinic,SKILLED NURSING,62
20,10000060,Alivio Medical Center,WIC Clinic,SKILLED NURSING,99
21,10000062,Lower West Side NHC,WIC Clinic,SKILLED NURSING,79
22,10000065,Uptown NHC,WIC Clinic,SKILLED NURSING,32
23,10000066,Erie Health Center ,Hospice facility,SKILLED NURSING,144
24,10000075,Alivio Medical Center - Morgan,WIC Clinic,SKILLED NURSING,104
