symptom_id,pid,app_id,first_name,last_name,Symptoms,Contact,Tested,Travel,Timstamp
1,626000000000,5675485,Terry,Romero,None of the above,No,No,Yes,2022-12-10T15:28:53.614
2,99100000000000,5703255,David,Seitz,None of the above,No,No,Yes,2022-10-06T11:33:07.036
3,1490000000000,5703259,Charles,Tyler,None of the above,No,No,Yes,2022-08-26T16:00:09.167
4,19800000000000,5703257,Richard,Hopper,None of the above,No,"Yes, and I tested negative",Yes,2022-08-22T13:32:56.966
5,183000000000,5647337,Wayne,Fish,None of the above,No,No,Yes,2022-07-22T11:28:33.333
6,227000000000,5647342,Dustin,Harris,None of the above,No,No,Yes,2022-07-18T10:09:11.231
7,26900000000000,5647313,Ronald,Sutherland,None of the above,No,No,Yes,2022-07-07T13:51:12.344
8,74700000000000,5675470,Laura,Allen,None of the above,No,No,Yes,2022-07-05T10:36:04.379
9,3380000000000,5675467,Tanya,Rodgers,None of the above,No,No,Yes,2022-06-25T14:11:59.234
10,4140000000000,5647416,William,Shults,None of the above,No,No,Yes,2022-06-17T11:23:29.078
11,4450000000000,5647418,Ruth,Smith,Nasal Congestion or Runny Nose,I don't know,,No,2022-06-09T15:36:28.634
12,431000000000000,5647414,April,Kim,"Fever or Chills, Muscle/Body aches, Nasal Congestion or Runny Nose",No,No,No,2022-06-09T08:31:14.734
13,878000000000000,5675506,Jacquelyn,Morales,None of the above,No,No,Yes,2022-05-29T13:57:11.767
14,2290000000000,5675509,Brandon,Briggs,None of the above,No,No,Yes,2022-05-17T13:33:44.136
15,295000000000000,5675508,Shelton,Rodriguez,None of the above,Yes,No,Yes,2022-05-02T15:04:34.637
16,63200000000000,5703275,Josie,Fussell,"Nasal Congestion or Runny Nose, None of the above",No,No,No,2022-03-28T11:32:55.38
17,8190000000000,5703269,Sharon,Sing,Nausea and/or Vomiting,I don't know,No,Yes,2022-03-27T13:37:31.064
18,199000000000000,5703273,Virginia,Solt,None of the above,No,No,Yes,2022-03-27T13:23:33.026
19,79400000000000,5726645,Stephanie,Dykstra,None of the above,No,No,Yes,2022-03-26T16:38:32.91
20,5250000000000,5726641,Michael,Clark,,No,No,Yes,2022-03-22T09:47:51.263
21,373000000000000,5726643,Hans,Godines,None of the above,I don't know,"Yes, and I tested negative",Yes,2022-03-21T13:12:58.872
22,125000000000,5638159,Connie,Morrow,None of the above,No,"Yes, and I tested negative",Yes,2022-03-15T09:47:17.474
23,166000000000000,5638154,Vera,Decker,None of the above,No,"Yes, and I tested negative",Yes,2022-03-11T09:41:58.323
24,68200000000000,5705430,Eric,Furrow,None of the above,No,No,Yes,2022-03-09T16:24:58.399
25,42300000000000,5705181,John,Landes,None of the above,No,"Yes, and I tested negative",Yes,2022-03-09T10:01:09.579
26,372000000000,5722982,Donald,Spurr,None of the above,No,No,Yes,2022-03-06T07:48:49.111
27,3330000000000,5748380,Vickie,Inman,None of the above,No,No,Yes,2022-03-01T11:15:01.131
28,2920000000000,5658702,James,McNally,None of the above,No,No,Yes,2022-02-11T14:12:13.874
29,444000000000000,5658699,Gregory,Fuentes,None of the above,No,No,Yes,2022-01-24T18:18:04.758
30,7950000000000,5658703,Nicholas,Conners,Nasal Congestion or Runny Nose,No,No,No,2022-01-24T17:29:00.548
31,43400000000000,5686903,Brittany,Bhatt,None of the above,No,No,Yes,2022-01-24T13:51:06.361
32,130000000000000,5686905,Geneva,Tipler,None of the above,No,No,Yes,2022-01-23T16:13:31.211
33,3740000000000,5686904,Mary,Jacobson,None of the above,No,"Yes, and I tested negative",Yes,2022-01-11T17:48:39.788
34,377000000000,5715041,Robert,Wynne,"Fever or Chills, Shortness of Breath, Difficulty Breathing, Chest Pain,, Sore throat, Headache, Muscle/Body aches, Nasal Congestion or Runny Nose",No,"Yes, and I tested negative",No,2022-01-06T17:43:23.639
35,9540000000000,5715047,Roberta,Traynor,None of the above,No,No,Yes,2022-01-04T13:34:18.094
36,60000000000000,5715043,Helen,Jacobs,None of the above,No,"Yes, and I tested negative",Yes,2022-01-04T13:05:49.2
37,35900000000000,5638115,Ralph,McNealy,None of the above,No,No,Yes,2021-12-25T16:02:33.977
38,847000000000,5628232,Linda,Gaines,None of the above,No,No,Yes,2021-12-20T14:46:56.094
39,4670000000000,5667719,Paula,Wu,None of the above,No,No,Yes,2021-12-20T12:19:45.737
40,744463183,5667716,Sarah,Belanger,None of the above,No,"Yes, and I tested negative",Yes,2021-12-19T15:31:12.271
41,9710000000000,5684225,Brian,Chung,None of the above,No,"Yes, and I tested negative",Yes,2021-12-18T18:26:50.113
42,329000000000,5693713,Santos,Black,None of the above,No,No,Yes,2021-12-18T12:53:05.372
43,6300000000000,5638119,Lucille,Webb,None of the above,No,No,Yes,2021-12-18T12:52:57.529
44,456000000000000,5667738,David,Harting,None of the above,No,No,Yes,2021-12-18T12:33:41.435
45,4600000000000,5685477,George,McKay,None of the above,No,No,Yes,2021-12-18T12:33:34.709
46,36700000000000,5706097,Mary,Gonzalez,None of the above,No,No,Yes,2021-12-16T16:11:09.96
47,548000000000,5663667,William,Lanclos,None of the above,No,No,No,2021-12-10T14:30:40.02
48,100000000000000,5663672,Dorothy,Anderson,None of the above,No,No,Yes,2021-12-10T14:17:17.901
49,945000000000000,5689883,Carol,Wolf,"Nausea and/or Vomiting, Diarrhea",No,No,No,2021-12-04T12:54:34.841
50,4220000000000,5722423,Kristin,Vega,None of the above,No,No,Yes,2021-12-03T11:09:13.573
51,949000000000000,5663675,Patricia,Wright,None of the above,I don't know,No,Yes,2021-12-02T11:27:44.945
52,55400000000000,5689886,Derek,Taylor,"New or worsening Cough, Shortness of Breath, Difficulty Breathing, Chest Pain,, Headache, Muscle/Body aches, Nasal Congestion or Runny Nose, Weakness or Fatigue",No,No,No,2021-11-30T14:05:50.282
53,152000000000000,5722425,April,Kirkland,None of the above,No,No,Yes,2021-11-20T15:49:03.009
54,47600000000000,5616314,Cheryl,Yeager,None of the above,No,No,Yes,2021-11-18T10:39:07.182
55,847000000000000,5663679,Robert,Bridges,None of the above,No,No,Yes,2021-11-06T16:11:05.56
56,3590000000000,5670661,Victoria,Howard,None of the above,No,No,Yes,2021-11-05T08:38:24.633
57,2160000000000,5689889,Kelly,Gutierrez,"New or worsening Cough, Sore throat",No,"Yes, and I tested negative",No,2021-10-28T10:12:28.514
58,7610000000000,5722430,Clyde,Smith,None of the above,No,No,Yes,2021-10-20T10:03:24.628
59,3430000000000,5662359,Saul,Steelman,None of the above,No,No,Yes,2021-10-18T12:26:48.073
60,85457935622,5699000,Harry,Phillips,None of the above,No,No,Yes,2021-10-16T19:31:41.679
61,287000000000,5704397,Henrietta,Butler,Abdominal pain,No,No,Yes,2021-10-13T11:35:44.488
62,9470000000000,5617147,Christopher,Maxey,New or worsening Cough,No,No,No,2021-10-12T18:46:34.166
63,23200000000000,5647770,Mercedes,Garrison,None of the above,No,No,Yes,2021-10-10T12:09:33.535
64,14900000000000,5675866,Audrey,Bowen,None of the above,No,No,Yes,2021-10-08T14:34:08.76
65,294000000000000,5704267,Mary,Brown,None of the above,I don't know,No,Yes,2021-09-26T13:33:32.054
66,4760000000000,5690438,Kimberlee,Bale,None of the above,No,"Yes, and I tested negative",Yes,2021-09-22T17:20:35.725
67,176000000000000,5663683,Cameron,Fang,None of the above,No,"Yes, and I tested negative",Yes,2021-09-22T17:19:38.532
68,23700000000000,5689891,Lori,Roberts,None of the above,No,No,No,2021-09-16T17:33:13.783
69,4290000000000,5722435,Aretha,Wright,None of the above,Yes,No,No,2021-09-15T09:06:22.395
70,298000000000000,5647391,Nancy,Olsen,,No,No,Yes,2021-09-14T17:09:17.078
71,564000000000000,5670866,Donna,Moll,None of the above,No,No,Yes,2021-09-13T13:05:06.288
72,2150000000000,5647399,Robert,Carr,None of the above,I don't know,No,Yes,2021-09-05T14:18:50.338
73,53924187266,5703349,Raymond,Johnson,None of the above,No,No,Yes,2021-09-01T13:19:13.958
74,14600000000000,5702959,Robert,Mills,None of the above,No,No,Yes,2021-08-31T17:06:42.009
75,38000000000000,5689896,Albert,Rainey,None of the above,No,No,Yes,2021-08-31T16:43:58.451
76,19252634865,5732811,Warren,McCown,None of the above,No,"Yes, and I tested negative",Yes,2021-08-30T14:40:20.486
77,19252634865,5718994,Yvone,Berning,None of the above,No,No,Yes,2021-08-28T11:39:54.811
78,972000000000000,5732051,Brittany,Kingsley,None of the above,No,No,Yes,2021-08-28T10:12:48.506
79,28600000000000,5663658,Karen,Smith,None of the above,No,No,Yes,2021-08-27T11:16:18.964
80,24300000000000,5689902,Lupe,Harvey,None of the above,No,"Yes, and I tested negative",Yes,2021-08-27T10:43:06.801
81,588000000000000,5718996,Wilda,Morillo,None of the above,No,No,Yes,2021-08-27T10:42:44.217
82,699000000000,5732055,Marilyn,Kaplan,"Nasal Congestion or Runny Nose, Weakness or Fatigue",No,No,No,2021-08-24T07:07:55.396
83,29200000000000,5663659,Jay,Pedraza,None of the above,No,No,Yes,2021-08-21T16:02:14.946
84,254000000000000,5689907,Frank,Chang,None of the above,No,No,Yes,2021-08-20T14:45:34.545
85,379000000000000,5718998,Jane,Guerrero,None of the above,No,"Yes, and I tested negative",Yes,2021-08-20T11:14:39.546
86,32500000000000,5732060,Sharon,Henderson,Sore throat,No,No,No,2021-08-20T11:11:53.593
87,419000000000000,5663660,Keith,Larose,None of the above,No,No,Yes,2021-08-19T09:00:58.135
88,2760000000000,5689911,Arthur,Henson,Weakness or Fatigue,No,"Yes, and I tested negative",No,2021-08-13T11:11:42.432
89,9670000000000,5658407,Robert,Arnold,None of the above,No,No,Yes,2021-08-06T14:33:41.542
90,10000000000000,5679326,Robert,Baker,None of the above,No,No,Yes,2021-08-05T16:23:55.835
91,1240000000000,5718915,Paula,Wesley,None of the above,No,No,Yes,2021-08-04T20:00:07.612
92,753000000000000,5658406,Virginia,Love,None of the above,No,No,Yes,2021-07-30T10:13:59.763
93,875000000000,5679109,Jerome,Riley,None of the above,No,"Yes, and I tested negative",Yes,2021-07-29T16:04:14.658
94,23700000000000,5705585,Stefani,Saunders,"Nausea and/or Vomiting, None of the above",No,No,No,2021-07-27T09:39:21.806
95,57200000000000,5594406,Eva,Gomez,None of the above,No,No,Yes,2021-07-20T07:27:12.415
96,76800000000000,5644912,Barbara,Maney,None of the above,No,No,Yes,2021-07-17T15:28:46.039
97,6590000000000,5645363,Christopher,Brown,None of the above,No,No,Yes,2021-07-15T13:40:59.905
98,685000000000,5673852,Heather,Matthews,None of the above,No,No,Yes,2021-07-15T12:40:48.268
99,956000000000000,5674003,Tabitha,Hayes,None of the above,No,No,Yes,2021-07-04T23:13:03.494
100,7270000000000,5621529,Kathryn,Clifford,None of the above,No,No,Yes,2021-07-04T16:01:27.53
101,230000000000000,5644950,Mary,Saunders,None of the above,No,No,Yes,2021-07-02T10:45:52.223
102,21400000000000,5697343,Adele,Turner,None of the above,No,No,Yes,2021-07-02T10:40:59.064
103,1880000000000,5690226,Anthony,Lheureux,"New or worsening Cough, Sore throat",I don't know,No,No,2021-07-01T12:13:05.604
104,149000000000,5599572,Craig,Hannon,None of the above,No,No,Yes,2021-06-24T14:23:43.319
105,550000000000000,5612552,Richard,Kilburn,None of the above,No,No,Yes,2021-06-20T12:16:48.374
106,725000000000,5650749,Tyler,Brown,None of the above,No,No,Yes,2021-06-11T10:46:35.841
107,7570000000000,5696744,Tyler,Young,None of the above,No,"Yes, and I tested negative",Yes,2021-06-07T10:22:47.783
108,66400000000000,5593442,Brittnie,Baringer ,None of the above,No,No,Yes,2021-06-07T10:22:41.702
109,73300000000000,5613795,Scott,Wessman,None of the above,No,No,Yes,2021-06-05T09:44:55.648
110,54200000000000,5644822,Sue,Holstrom,None of the above,No,No,Yes,2021-06-04T08:06:36.358
111,188000000000000,5700082,Lee ,Brown,None of the above,No,No,Yes,2021-06-03T16:06:00.57
112,665000000000000,5645031,Aneta,Brown,,No,No,Yes,2021-06-03T16:01:23.844
113,9458117812,5663608,Lynb,Butler,None of the above,No,No,Yes,2021-06-03T15:59:45.905
114,394000000000000,5600363,Tumu,Asuao,None of the above,No,"Yes, and I tested negative",Yes,2021-05-24T12:24:16.085
115,1170000000000,5670395,Shinobu ,Warner,None of the above,No,No,Yes,2021-05-23T09:43:48.723
116,238000000000,5643890,Russ ,Michael,None of the above,No,No,Yes,2021-05-18T10:40:41.925
117,444000000000,5614562,Antonino,Russo,None of the above,No,No,Yes,2021-05-10T16:26:22.002
118,652000000000000,5614585,Cindy M.,Pack,None of the above,No,No,Yes,2021-05-09T21:12:50.279
119,7560000000000,5675105,Margaret,Parducci,,No,No,Yes,2021-05-08T09:43:26.491
120,1750000000000,5692699,Harry,Parducci,None of the above,No,No,Yes,2021-05-07T14:38:42.168
121,21500000000000,5636153,Belina,Transtrum,None of the above,No,No,Yes,2021-04-28T15:08:31.514
122,64300000000000,5632645,Ellen  ,Irwin ,None of the above,I don't know,No,Yes,2021-04-23T16:27:20.9
123,734000000000000,5620725,Julie,Butler ,None of the above,No,No,Yes,2021-04-07T14:10:00.845
124,469000000000000,5652817,Rachel,Banaszewski,None of the above,No,No,Yes,2021-04-07T14:09:22.363
125,7120000000000,5673403,Lynda,Worthington,None of the above,No,No,Yes,2021-03-27T06:32:19.39
126,26200000000000,5620738,Olivia,Helms,None of the above,No,No,Yes,2021-03-26T23:04:38.397
127,12900000000000,5633622,Denise,Flack,None of the above,No,No,Yes,2021-03-26T11:59:57.178
128,975000000000000,5662221,Stephen,Worthington,None of the above,No,"Yes, and I tested negative",Yes,2021-03-26T11:59:52.35
129,173000000000,5641618,Tim,Irwin,None of the above,No,"Yes, and I tested negative",Yes,2021-03-23T11:02:28.699
130,63600000000000,5674467,David ,Jenson ,None of the above,No,No,Yes,2021-03-21T20:37:50.67
131,82186114497,5647154,Sandy,Prince,None of the above,No,No,Yes,2021-03-08T16:01:13.092
132,325000000000000,5702728,Mark,Holt,None of the above,No,No,Yes,2021-03-06T08:04:38.162
133,18900000000000,5630234,Ellen,Irwin,None of the above,I don't know,No,Yes,2021-02-21T14:05:27.224
134,9870000000000,5711819,Janette,Thompson,None of the above,Yes,"Yes, and I tested negative",No,2021-02-19T19:57:51.572
135,427000000000000,5635493,Lori ,Higbee,None of the above,No,"Yes, and I tested negative",Yes,2021-02-18T09:34:01.486
136,29500000000000,5672733,Candice,Hanmer,None of the above,No,No,Yes,2021-02-02T07:35:40.853
137,11600000000000,5704023,Candice ,Hammer,None of the above,No,No,Yes,2021-01-29T17:37:49.906
138,9870000000000,5673324,Todd,Savage,"New or worsening Cough, Headache, Nasal Congestion or Runny Nose",No,"Yes, and I tested negative",No,2021-01-28T15:08:20.076
139,372000000000,5706374,Debbie,Allen,None of the above,No,No,Yes,2021-01-22T10:47:59.447
140,38600000000000,5673406,Ellen i,Irwin,None of the above,No,No,Yes,2021-01-05T14:28:35.515
141,849000000000000,5673338,Russell,Michael,None of the above,No,No,Yes,2021-01-05T13:24:58.612
142,88200000000000,5596258,Xander,Marshall,None of the above,No,No,Yes,2020-12-30T16:44:07.799
143,85700000000000,5596679,Janice,Randall,None of the above,No,No,Yes,2020-12-18T17:22:57.193
144,843000000000000,5612477,Larae,Savage,None of the above,No,"Yes, and I tested negative",No,2020-12-16T12:53:50.742
145,766000000000000,5659449,Gaylie,Morehead,Headache,No,No,No,2020-12-16T12:51:46.615
146,696000000000,5703631,Eric,Harmsen,Headache,No,No,No,2020-12-10T09:40:08.415
147,17900000000000,5615992,Craig,Jenkins,,No,"Yes, and I am waiting for my test results",Yes,2020-12-07T22:48:01.377
148,51500000000000,5663193,Paul,Fjeldsted,None of the above,No,No,Yes,2020-12-01T16:25:04.138
149,737000000000,5703177,Jordan,Allen,None of the above,I don't know,No,Yes,2020-11-27T11:17:33.774
150,64700000000000,5596272,Karen,Spear,None of the above,No,No,Yes,2020-11-19T14:40:40.088
151,13400000000000,5623735,Annette,Davis,None of the above,Yes,"Yes, and I tested negative",No,2020-11-19T12:23:37.643
152,4770000000000,5692193,Stephanie ,Ngo ,None of the above,Yes,"Yes, and I tested negative",No,2020-11-19T12:22:01.012
153,595000000000000,5636145,Oliver ,Dahl,Headache,I don't know,No,No,2020-11-16T20:54:47.788
154,29300000000000,5635712,Brandon’,Hernandez,None of the above,Yes,"Yes, and I tested negative",No,2020-11-12T15:35:50.645
155,17800000000000,5659129,Quinton,Collier,None of the above,Yes,"Yes, and I tested negative",No,2020-11-12T12:29:15.52
156,9960000000000,5696804,Christopher,fox,None of the above,Yes,"Yes, and I tested negative",No,2020-11-12T12:21:02.174
157,87200000000000,5642445,Trent,Savage,None of the above,No,No,Yes,2020-11-04T21:26:03.741
158,999000000000,5654309,Devin,Edvalson,Sore throat,No,"Yes, and I tested negative",No,2020-10-30T12:23:37.413
159,713000000000000,5700952,Lori,Higbee,Nasal Congestion or Runny Nose,No,No,No,2020-10-29T09:33:36.606
160,5370000000000,5619410,Russell Michael,,,No,No,Yes,2020-10-28T10:36:10.44
161,784000000000,5654351,Brady ,,"Fever or Chills, New or worsening Cough, Shortness of Breath, Difficulty Breathing, Chest Pain,, Sore throat, Muscle/Body aches, Abdominal pain, Diarrhea, Weakness or Fatigue",No,"Yes, and I am waiting for my test results",Yes,2020-10-26T11:12:43.864
162,46400000000000,5619421,Melanie Waite,,New or worsening Cough,No,"Yes, and I tested negative",No,2020-10-21T23:32:43.145
163,229000000000000,5686702,Makayla West,,None of the above,No,"Yes, and I tested negative",Yes,2020-10-21T06:52:50.058
164,88000000000000,5641923,Jen Savage ,,None of the above,No,"Yes, and I tested negative",Yes,2020-10-18T18:06:40.252
165,47100000000000,5634356,Sabrina Savage,,None of the above,No,"Yes, and I tested negative",Yes,2020-10-18T18:05:58.634
166,441000000000000,5685311,John Wilkinson,,None of the above,No,No,Yes,2020-10-17T11:28:26.614
167,5780000000000,5685316,Jen Savage,,,No,"Yes, and I tested negative",Yes,2020-10-17T11:03:22.153
168,4680000000000,5641941,Stefanie Sparks,,None of the above,I don't know,No,Yes,2020-10-15T13:02:17.669
169,7680000000000,5679689,Larry Sparks,,None of the above,No,No,Yes,2020-10-15T10:37:06.288
170,22357227114,5626834,Dallas Devey,,None of the above,No,No,Yes,2020-10-13T09:07:05.803
171,927000000000,5641409,Lori higber,,None of the above,No,No,Yes,2020-10-08T20:36:51.657
172,68165314285,5619430,Tyler Lybbert,,None of the above,No,No,Yes,2020-09-27T12:55:36.464
173,29900000000000,5642903,Long,Roser,"Nausea and/or Vomiting, Diarrhea",No,No,Yes,2022-12-10T15:28:53.614
174,559000000000000,5642503,James,Hopkins,"New or worsening Cough, Shortness of Breath, Difficulty Breathing, Chest Pain,, Headache, Muscle/Body aches, Nasal Congestion or Runny Nose, Weakness or Fatigue",No,No,Yes,2022-10-06T11:33:07.036
175,4260000000000,5642549,Shannon,Levy,"New or worsening Cough, Sore throat",No,No,Yes,2022-08-26T16:00:09.167
176,868000000000,5642828,Marissa,Hines,Abdominal pain,No,"Yes, and I tested negative",Yes,2022-08-22T13:32:56.966
177,8840000000000,5642494,Michael,Velazquez,New or worsening Cough,No,No,Yes,2022-07-22T11:28:33.333
178,96000000000000,5626772,Gina,Billups,"Nasal Congestion or Runny Nose, Weakness or Fatigue",No,No,Yes,2022-07-18T10:09:11.231
179,734000000000000,5630279,Gwendolyn,Carter,Sore throat,No,No,Yes,2022-07-07T13:51:12.344
180,3450000000000,5630575,Antione,Maher,Weakness or Fatigue,No,No,Yes,2022-07-05T10:36:04.379
181,56400000000000,5638447,Ronald,Matos,Sore throat,No,No,Yes,2022-06-25T14:11:59.234
182,78100000000000,5629123,Dorothy,Higgins,"Nausea and/or Vomiting, None of the above",No,No,Yes,2022-06-17T11:23:29.078
183,735000000000000,5630213,Gertie,Holloway,"New or worsening Cough, Sore throat",I don't know,,No,2022-06-09T15:36:28.634
184,7540000000000,5620163,Tina,Hayes,"New or worsening Cough, Nasal Congestion or Runny Nose",No,No,No,2022-06-09T08:31:14.734
185,567000000000000,5634718,Mark,Espinoza,"Nasal Congestion or Runny Nose, None of the above",No,No,Yes,2022-05-29T13:57:11.767
186,911000000000000,5636249,Brynn,Sappington,"New or worsening Cough, Headache, Nasal Congestion or Runny Nose",No,No,Yes,2022-12-10T15:28:53.614
187,99900000000000,5633951,Michael,Barnes,"New or worsening Cough, Headache, Nasal Congestion or Runny Nose",Yes,No,Yes,2022-10-06T11:33:07.036
188,99948393975,5620206,Branda,Pierson,"New or worsening Cough, Headache, Nasal Congestion or Runny Nose",No,No,Yes,2022-08-26T16:00:09.167
189,84600000000000,5633121,Gary,Morgan,Headache,I don't know,"Yes, and I tested negative",Yes,2022-08-22T13:32:56.966
190,14800000000000,5633460,Lynn,Allen,Headache,No,No,Yes,2022-07-22T11:28:33.333
191,17100000000000,5621836,Monte,Feder,Headache,No,No,Yes,2022-07-18T10:09:11.231
192,7220000000000,5640433,Grace,Lee,Headache,No,No,Yes,2022-07-07T13:51:12.344
193,622000000000000,5626083,Charmaine,Rutledge,Sore throat,I don't know,No,Yes,2022-07-05T10:36:04.379
194,12200000000000,5628338,Perry,Wert,Nasal Congestion or Runny Nose,No,No,Yes,2022-06-25T14:11:59.234
195,863000000000000,5616091,Nena,Williams,"Fever or Chills, New or worsening Cough, Shortness of Breath, Difficulty Breathing, Chest Pain,, Sore throat, Muscle/Body aches, Abdominal pain, Diarrhea, Weakness or Fatigue",No,No,Yes,2022-06-17T11:23:29.078
196,214000000000000,5634142,Joy,Staats,New or worsening Cough,No,,No,2022-06-09T15:36:28.634
197,8730000000000,5641780,William,Alley,New or worsening Cough,No,No,No,2022-06-09T08:31:14.734
198,5820000000000,5624020,Dennis,Whelan,"Fever or Chills, Shortness of Breath, Difficulty Breathing, Chest Pain,, Sore throat, Headache, Muscle/Body aches, Nasal Congestion or Runny Nose",No,No,Yes,2022-05-29T13:57:11.767
199,25787851512,5641781,Martha,Malin,"Sore throat, Nasal Congestion or Runny Nose",No,No,Yes,2022-12-10T15:28:53.614
200,12200000000000,5628345,Luis,Perez,"Sore throat, Nasal Congestion or Runny Nose",No,No,Yes,2022-10-06T11:33:07.036
201,5930000000000,5642400,Eugene,Ayers,"Fever or Chills, Nasal Congestion or Runny Nose",No,No,Yes,2022-08-26T16:00:09.167
202,1230000000000,5642186,Lea,Brown,"Sore throat, Nasal Congestion or Runny Nose",No,"Yes, and I tested negative",Yes,2022-08-22T13:32:56.966
203,343000000000,5628068,Debbie,Whitfield,Nasal Congestion or Runny Nose,No,No,Yes,2022-07-22T11:28:33.333
204,311000000000,5628907,Thomas,Donovan,"Weakness or Fatigue, None of the above",No,No,Yes,2022-07-18T10:09:11.231
205,52900000000000,5637908,Marcus,Carr,Nausea and/or Vomiting,No,No,Yes,2022-07-07T13:51:12.344
206,7650000000000,5616921,Frederick,Gast,"Nasal Congestion or Runny Nose, None of the above",No,No,Yes,2022-07-05T10:36:04.379
207,20000000000000,5637963,Lawrence,Bucher,Nasal Congestion or Runny Nose,No,No,Yes,2022-06-25T14:11:59.234
208,78200000000000,5637968,Marie,Wilson,"Fever or Chills, Muscle/Body aches, Nasal Congestion or Runny Nose",No,No,Yes,2022-06-17T11:23:29.078
209,73000000000000,5637975,Carolina,Maglio,Nasal Congestion or Runny Nose,I don't know,,No,2022-06-09T15:36:28.634
210,1580000000000,5637986,Shirley,Hazel,null,No,No,No,2022-06-09T08:31:14.734
