﻿doc_id,doc_fname,doc_lname,position,ssn,npi,spi,dept_id,default_staff_assistant1,default_staff_assistant2,default_staff_assistant3,status,deleteflag,default_room
1,John,Dorian,Staff Internist,111111111,121212121,1.00E+12,1,2,4,8,0,0,1
2,Elliot,Reid,Attending Physician,222222222,131313131,1.00E+12,2,11,2,7,0,0,2
3,Christopher,Turk,Surgical Attending Physician,333333333,141414141,1.00E+12,3,1,9,3,0,0,3
4,Percival,Cox,Senior Attending Physician,444444444,151515151,1.00E+12,4,19,13,1,0,0,4
5,Bob,Kelso,Head Chief of Medicine,555555555,161616161,1.00E+12,6,0,0,0,0,0,5
6,Todd,Quinlan,Surgical Attending Physician,666666666,171717171,1.00E+12,5,0,5,14,0,0,6
7,John,Wen,Surgical Attending Physician,777777777,181818181,1.00E+12,1,0,0,0,0,0,7
8,Keith,Dudemeister,MD Resident,888888888,191919191,1.00E+12,2,0,12,0,0,0,8
9,Molly,Clock, Attending Psychiatrist ,999999999,212121212,1.00E+12,3,8,0,0,0,0,5
10,Sushil ,Sharma,Senior Attending Physician,111111112,515151515,,4,6,0,15,0,0,6
