﻿staff_id,staff_fname,staff_lname,staff_type,is_resource,status,delflag
1,Thomas,Fields,Nurse,0,0,0
2,Linda,Helms,Nurse practitioner,1,0,0
3,Samuel,Kinney,Nurse,0,1,0
4,Charles,Weber,Nurse,0,0,0
5,Marie,Tate,Nurse,0,0,0
6,Jane,Veltri,Clinical assistants,1,0,0
7,Joshua,Kaminski,Nurse,0,0,0
8,Richard,Watson,Nurse,0,1,1
9,Danny,Loving,Nurse,0,0,0
10,Adrienne,Chitwood,Nurse,0,0,0
11,George,Learned,Nurse practitioner,1,0,0
12,Bessie,Stacy,Clinical assistants,1,0,0
13,Elizabeth,Byars,Registered nurse,0,0,0
14,Cheryl,Encarnacion,Clinical assistants,1,0,0
15,Rebecca,Fitts,Nurse practitioner,1,1,1
16,Blanche,Worrell,Nurse practitioner,1,0,0
17,Russell,Mandel,Registered nurse,0,0,0
18,Nellie,Haggard,Clinical assistants,1,0,0
19,Melissa,Jones,Clinical assistants,1,0,0
